use GeniusAssistant2;

insert into TipoDocumento (IdTipDoc, SiglasDoc, TipDoc) values

('TD01', 'C.C', 'Cedula de Ciudadania'),
('TD02', 'C.E', 'Cedula de Extranjeria'),
('TD03', 'T.I', 'Tarjeta de Identidad'),
('TD04', 'PS', 'Pasaporte');

insert into Especialidad (IdEspecialidad, NomEspecialidad) values

('E01', 'Electrónica'),
('E02', 'Electricidad'),
('E03', 'Telecomunicaciones'),
('E04', 'Teleinformática'),
('E05', 'Promover'),
('E06', 'Cultura Fisica'),
('E07', 'Inglés');

insert into Grupo (IdGrupo, NumGrupo) values

('G01', 'G1'),
('G02', 'G2'),
('G03', 'G3');

insert into Vinculacion (IdVin, TipVin) values

('V01', 'Planta'),
('V02', 'Tiempo Completo'),
('V03', 'Medio Tiempo'),
('V04', 'Cátedra');

insert into Trimestre (IdTrim, NomTrim) values

('T01', 'Primer Trimestre'),
('T02', 'Segundo Trimestre'),
('T03', 'Tercer Trimestre'),
('T04', 'Cuarto Trimestre'),
('T05', 'Quinto Trimestre'),
('T06', 'Sexto Trimestre'),
('T07', 'Septimo Trimestre'),
('T08', 'Octavo Trimestre');

insert into Competencia (IdComp, DesComp) values

('C01', 'Adminitración de bases de datos'), -- Gestión y Seguridad de Bases de Datos
('C02', 'Entregar la aplicación multimedia para evaluar la satisfacción del cliente'), -- Producción Multimedia
('C03', 'Contruir el sistema que cumpla con los requisitos de la solución informática'), -- TPS
('C04', 'Elaborar Libretos y guiones según Metodologías Establecidas y Objetivos Del Programa'), -- Elaboración de Audiovisuales
('C05', 'Especificar los requisitos necesarios para desarrollar el sistema de información de acuerdo con las necesidades del cliente'), -- ADSI
('C06', 'Diseñar la estructura de la red de datos de acuerdo con las necesidades del cliente'); -- Gestión de Redes de Datos

insert into Res_Aprendizaje (IdR_A, DesR_A) values

('RA01', 'Crear la base de datos con sus objetos a partir de la arquitectura definida y los requerimientos de la organización'), -- Gestión y Seguridad de Bases de Datos
('RA02', 'Realizar las modificaciones pertinentes de acuerdo a lo evaluado en las pruebas de accesibilidad, diseño, escalabilidad y usabilidad de la multimedia'), -- Producción Multimedia
('RA03', 'Relacionar las tablas construidas para presentar la información solicitada en el diseño'), -- TPS
('RA04', 'Identificar los requerimientos gráficos de acuerdo con el proyecto audiovisual'), -- Elaboración de Audiovisuales
('RA05', 'Aplicar las técnicas de recolección de datos , diseñando  los instrumentos necesarios para el procesamiento de información, de acuerdo con la situación planteada por la empresa'), -- ADSI
('RA06', 'Verificar el diseño realizado con herramientas de software para validar el cumplimiento de los requerimientos del cliente, el presupuesto y las tendencias del mercado'); -- Gestión de Redes de Datos

insert into Jornada (IdJorn, NomJorn, SiglasJorn) values

('J01', 'Diurna', 'D'),
('J02', 'Nocturna', 'N'),
('J03', 'Fines de Semana', 'FS');

insert into Rol (IdRol, NomRol) values

('R01', 'Administrador'),
('R02', 'Instructor'),
('R03', 'Aprendiz');

insert into Programa (IdProg, NomProg, SiglasProg, DesProg) values

('P01', 'Gestión y Seguridad de Bases de Datos', 'GYSBDB', 'a'),
('P02', 'Producción Multimedia', 'TPM', 'a'),
('P03', 'Programación de Software', 'TPS', 'a'),
('P04', 'Elaboración de AudioVisuales', 'TEA', 'a'),
('P05', 'Analisis y Diseño de Sistemas de Informacion', 'ADSI', 'a'),
('P06', 'Gestión de Redes de Datos', 'GRD', 'a');

insert into Ficha (NumFicha, FechaIni, FechaFin, FK_IdProg, FK_IdTrim, FK_IdJorn, FK_IdGrupo) values

(2058566, '9999-01-01', '9999-01-01', 'P01', 'T01', 'J01', 'G01'),
(2034645, '9999-01-01', '9999-01-01', 'P01', 'T02', 'J03', 'G02'),
(2035654, '9999-01-01', '9999-01-01', 'P01', 'T03', 'J02', 'G03'),
(2098675, '9999-01-01', '9999-01-01', 'P02', 'T04', 'J03', 'G01'),
(2034265, '9999-01-01', '9999-01-01', 'P02', 'T02', 'J02', 'G02'),
(2012342, '9999-01-01', '9999-01-01', 'P02', 'T03', 'J01', 'G03'),
(1954657, '9999-01-01', '9999-01-01', 'P03', 'T07', 'J02', 'G01'),
(1998723, '9999-01-01', '9999-01-01', 'P03', 'T08', 'J01', 'G02'),
(1963872, '9999-01-01', '9999-01-01', 'P03', 'T01', 'J02', 'G03'),
(1935476, '9999-01-01', '9999-01-01', 'P04', 'T02', 'J03', 'G01'),
(1958705, '9999-01-01', '9999-01-01', 'P04', 'T03', 'J02', 'G02'),
(1945627, '9999-01-01', '9999-01-01', 'P04', 'T04', 'J03', 'G03'),
(1853237, '9999-01-01', '9999-01-01', 'P05', 'T05', 'J01', 'G01'),
(1829487, '9999-01-01', '9999-01-01', 'P05', 'T06', 'J02', 'G02'),
(1809248, '9999-01-01', '9999-01-01', 'P05', 'T07', 'J01', 'G03'),
(1849776, '9999-01-01', '9999-01-01', 'P06', 'T08', 'J03', 'G01'),
(1899330, '9999-01-01', '9999-01-01', 'P06', 'T01', 'J01', 'G02'),
(1821212, '9999-01-01', '9999-01-01', 'P06', 'T02', 'J02', 'G03');

insert into Usuario (NumDoc, Nom1, Nom2, Ape1, Ape2, Email, Contraseña, Foto, FK_IdTipDoc, FK_IdRol) values

('1967331235', 'Gray', 'Frederic', 'Sebert', 'Tortoise', 'ftortoise0@sourceforge.net', SHA('Contraseña'), 'https://robohash.org/utdebitissuscipit.png?size=50x50&set=set1', 'TD01', 'R01'),
('7094898533', 'Ozzy', 'Grissel', 'Hillatt', 'Bruty', 'gbruty1@state.tx.us', SHA('Contraseña'), 'https://robohash.org/architectomaximeillum.png?size=50x50&set=set1', 'TD02', 'R01'),
('6587881254', 'Noemi', 'Jolene', 'Oloshkin', 'Bladon', 'jbladon2@howstuffworks.com', SHA('Contraseña'), 'https://robohash.org/abrerumoccaecati.png?size=50x50&set=set1', 'TD03', 'R01'),
('2480092259', 'Caron', 'Sheila-kathryn', 'Mc Caughen', 'Laboune', 'slaboune3@t.co', SHA('Contraseña'), 'https://robohash.org/doloresfugiataut.png?size=50x50&set=set1', 'TD04', 'R02'),
('3468201877', 'Modestia', 'Isadora', 'Thow', 'Meckiff', 'imeckiff4@soundcloud.com', SHA('Contraseña'), 'https://robohash.org/enimquamut.png?size=50x50&set=set1', 'TD01','R02'),
('4936988154', 'Tonye', 'Nial', 'Jaqueme', 'Bark', 'nbark5@netvibes.com', SHA('Contraseña'), 'https://robohash.org/seddelenitiaut.png?size=50x50&set=set1', 'TD02', 'R02'),
('4883847195', 'Cole', 'Jon', 'Bosket', 'Jordi', 'jjordi6@unc.edu', SHA('Contraseña'), 'https://robohash.org/commodiullamcum.png?size=50x50&set=set1', 'TD03', 'R02'),
('8088314496', 'Danyette', 'Quentin', 'Kielt', 'Jedrzejkiewicz', SHA('Contraseña'), 'qjedrzejkiewicz7@yahoo.co.jp', 'https://robohash.org/estnobisipsa.png?size=50x50&set=set1', 'TD04', 'R02'),
('5809370772', 'Cash', 'Onofredo', 'Life', 'Kipling', 'okipling8@va.gov', SHA('Contraseña'), 'https://robohash.org/voluptasoccaecatiest.png?size=50x50&set=set1', 'TD01', 'R02'),
('3460533935', 'Judon', 'Den', 'Mankor', 'Harley', 'dharley9@mediafire.com', SHA('Contraseña'), 'https://robohash.org/quiavoluptasnihil.png?size=50x50&set=set1', 'TD02', 'R02'),
('7772192142', 'Wendi', 'Bili', 'Knapton', 'Bever', 'bbevera@un.org', SHA('Contraseña'), 'https://robohash.org/velplaceatid.png?size=50x50&set=set1', 'TD03', 'R03'),
('6618390877', 'Anjela', 'Kipper', 'Waylett', 'Fundell', 'kfundell0@nydailynews.com', SHA('Contraseña'), 'https://robohash.org/voluptatemeaquequi.png?size=50x50&set=set1', 'TD04', 'R03'),
('1039035248', 'Leesa', 'Wilburt', 'Stiff', 'Hunnable', 'whunnable1@ustream.tv', SHA('Contraseña'), 'https://robohash.org/minussedquisquam.png?size=50x50&set=set1', 'TD01', 'R03'),
('6207741668', 'Elwood', 'Bernie', 'Grinstead', 'Cicco', 'bcicco2@mapy.cz', SHA('Contraseña'), 'https://robohash.org/praesentiumutsint.png?size=50x50&set=set1', 'TD02', 'R03'),
('2865016668', 'Cleve', 'Gabriell', 'Whitney', 'Kilvington', 'gkilvington4@shareasale.com', SHA('Contraseña'), 'https://robohash.org/sintvelaut.png?size=50x50&set=set1', 'TD03', 'R03'),
('8130677423', 'Alexine', 'Bernie', 'Hryniewicz', 'Orcas', 'borcas5@nydailynews.com', SHA('Contraseña'), 'https://robohash.org/repudiandaenatusrepellendus.png?size=50x50&set=set1', 'TD04', 'R03'),
('7363959528', 'Ekaterina', 'Valery', 'Hunston', 'Jorat', 'vjorat6@ebay.co.uk', SHA('Contraseña'), 'https://robohash.org/velvoluptatemarchitecto.png?size=50x50&set=set1', 'TD01', 'R03'),
('3942154811', 'Dorothy', 'Blinny', 'Oakland', 'Gave', 'bgave7@devhub.com', SHA('Contraseña'), 'https://robohash.org/nequeeumarchitecto.png?size=50x50&set=set1', 'TD02', 'R03'),
('7268872682', 'Cammy', 'Doroteya', 'Grimstead', 'Saffon', 'dsaffon8@dell.com', SHA('Contraseña'), 'https://robohash.org/doloremaincidunt.png?size=50x50&set=set1', 'TD03', 'R03'),
('1522209719', 'Shurwood', 'Sukey', 'Kinker', 'Yeldham', 'syeldham9@odnoklassniki.ru', SHA('Contraseña'), 'https://robohash.org/perspiciatisvoluptatetemporibus.png?size=50x50&set=set1', 'TD04', 'R03'),
('9871385528', 'Flynn', 'Joleen', 'Hardway', 'Daud', 'jdauda@mozilla.org', SHA('Contraseña'), 'https://robohash.org/animiutaperiam.png?size=50x50&set=set1', 'TD01', 'R03'),
('0056722222', 'Calypso', 'Deina', 'Carpenter', 'Suddards', 'dsuddardsb@fotki.com', SHA('Contraseña'), 'https://robohash.org/nobisvoluptatemest.png?size=50x50&set=set1', 'TD02', 'R03'),
('8766046017', 'Rochella', 'Oralle', 'Maysor', 'Laurenson', 'olaurensonc@soup.io', SHA('Contraseña'), 'https://robohash.org/inventoreofficiaaccusamus.png?size=50x50&set=set1', 'TD03', 'R03'),
('8057871393', 'Otha', 'Juli', 'Moon', 'Evennett', 'jevennettd@dagondesign.com', SHA('Contraseña'), 'https://robohash.org/laudantiumquibusdamomnis.png?size=50x50&set=set1', 'TD04', 'R03'),
('6455589076', 'Kim', 'Georgy', 'Goffe', 'Kahn', 'gkahne@youtube.com', SHA('Contraseña'), 'https://robohash.org/assumendainrepudiandae.png?size=50x50&set=set1','TD01', 'R03'),
('3273878991', 'Elston', 'Tiffanie', 'Swancock', 'Milier', 'tmilierf@w3.org', SHA('Contraseña'), 'https://robohash.org/utnisidoloremque.png?size=50x50&set=set1', 'TD02', 'R03'),
('5931658343', 'Avril', 'Dee dee', 'Kingscote', 'Burland', 'dburlandg@ftc.gov', SHA('Contraseña'), 'https://robohash.org/eaquelaborumrerum.png?size=50x50&set=set1', 'TD03', 'R03'),
('2773966112', 'Margi', 'Eveleen', 'Rosario', 'Heineking', 'eheinekingh@theatlantic.com', SHA('Contraseña'), 'https://robohash.org/laborumutet.png?size=50x50&set=set1', 'TD04', 'R03'),
('0732656176', 'Genia', 'Gusta', 'Puzey', 'Wingrove', 'gwingrovei@cargocollective.com', SHA('Contraseña'), 'https://robohash.org/voluptatefugaquia.png?size=50x50&set=set1', 'TD01', 'R03'),
('3910495192', 'Marijn', 'Oates', 'Donnison', 'Studders', 'ostuddersj@yellowpages.com', SHA('Contraseña'), 'https://robohash.org/quibusdamquasiquod.png?size=50x50&set=set1', 'TD02', 'R03'),
('4137832552', 'Elmo', 'Urbain', 'Kabos', 'Cordero', 'ucorderok@free.fr', SHA('Contraseña'), 'https://robohash.org/utsuscipitab.png?size=50x50&set=set1', 'TD03', 'R03'),
('0975875515', 'Rik', 'Lenna', 'Deyenhardt', 'Esome', 'lesomel@paginegialle.it', SHA('Contraseña'), 'https://robohash.org/voluptatuminvoluptatem.png?size=50x50&set=set1', 'TD04', 'R03'),
('0253691621', 'Maryrose', 'Harmonie', 'Pointon', 'Berrisford', 'hberrisfordm@nifty.com', SHA('Contraseña'), 'https://robohash.org/reiciendisestquam.png?size=50x50&set=set1', 'TD01', 'R03'),
('1712262033', 'Christoph', 'Thea', 'Spearett', 'Edgcumbe', 'tedgcumben@ning.com', SHA('Contraseña'), 'https://robohash.org/estperferendiseum.png?size=50x50&set=set1', 'TD02', 'R03'),
('1629575453', 'Marquita', 'Florenza', 'Chatelain', 'McIlhatton', 'fmcilhattono@google.com', SHA('Contraseña'), 'https://robohash.org/similiquequirem.png?size=50x50&set=set1', 'TD03', 'R03'),
('9410362946', 'Frans', 'Daryl', 'Westfield', 'Rivallant', 'drivallantp@dropbox.com', SHA('Contraseña'), 'https://robohash.org/idsititaque.png?size=50x50&set=set1', 'TD04', 'R03'),
('1566795362', 'Meryl', 'Gusta', 'Snozzwell', 'Mansel', 'gmanselq@europa.eu', SHA('Contraseña'), 'https://robohash.org/fugiateosatque.png?size=50x50&set=set1', 'TD01', 'R03'),
('0821124528', 'Willa', 'Orsola', 'Diglin', 'Chate', 'ochater@salon.com', SHA('Contraseña'), 'https://robohash.org/sednostrumvoluptatum.png?size=50x50&set=set1','TD02', 'R03'),
('2215113960', 'Jobye', 'Deina', 'McCome', 'McGowan', 'dmcgowans@parallels.com', SHA('Contraseña'), 'https://robohash.org/quiquisdistinctio.png?size=50x50&set=set1', 'TD03', 'R03'),
('9050822045', 'Alanna', 'Claire', 'Medlen', 'Snookes', 'csnookest@umn.edu', SHA('Contraseña'), 'https://robohash.org/faceretotamnesciunt.png?size=50x50&set=set1', 'TD04', 'R03'),
('7995701063', 'Ulla', 'Aldis', 'Nice', 'McGhie', 'amcghieu@reuters.com', SHA('Contraseña'), 'https://robohash.org/estveniamnon.png?size=50x50&set=set1', 'TD01', 'R03'),
('7109068404', 'Leisha', 'Pail', 'Pilmer', 'Lacky', 'plackyv@unicef.org', SHA('Contraseña'), 'https://robohash.org/iddistinctioat.png?size=50x50&set=set1', 'TD02', 'R03'),
('6947797519', 'Annice', 'Fredek', 'Haestier', 'McKenny', 'fmckennyw@yandex.ru', SHA('Contraseña'), 'https://robohash.org/ullamiustodolore.png?size=50x50&set=set1', 'TD03', 'R03'),
('6222468136', 'Wallie', 'Virge', 'Evangelinos', 'Cordell', 'vcordellx@privacy.gov.au', SHA('Contraseña'), 'https://robohash.org/sintenimsuscipit.png?size=50x50&se=set1', 'TD04', 'R03'),
('1138130311', 'Filberte', 'Mendy', 'Iliffe', 'Bows', 'mbowsy@facebook.com', SHA('Contraseña'), 'https://robohash.org/doloreipsamnon.png?size=50x50&set=set1', 'TD01', 'R03'),
('2491271192', 'Gloriane', 'Leoline', 'Mullard', 'Gudgeon', 'lgudgeonz@wikia.com', SHA('Contraseña'), 'https://robohash.org/deseruntvoluptatesquae.png?size=50x50&set=set1', 'TD02', 'R03'),
('5841704885', 'Gustie', 'Warren', 'Yeowell', 'Kellington', 'wkellington10@fotki.com', SHA('Contraseña'), 'https://robohash.org/innesciuntiste.png?size=50x50&set=set1', 'TD03', 'R03'),
('8595514119', 'Lemmy', 'Jordan', 'Thickins', 'Kurtis', 'jkurtis11@unicef.org', SHA('Contraseña'), 'https://robohash.org/dolorumperferendisquidem.png?size=50x50&set=set1', 'TD04', 'R03'),
('3342012870', 'Allistir', 'Willi', 'Goldson', 'Jeratt', 'wjeratt12@wunderground.com', SHA('Contraseña'), 'https://robohash.org/doloresullameaque.png?size=50x50&set=set1', 'TD01', 'R03'),
('1427110921', 'Daphna', 'Erek', 'Bretland', 'Le - Count', 'elecount13@scientificamerican.com', SHA('Contraseña'), 'https://robohash.org/noninventoreassumenda.png?size=50x50&set=set1', 'TD02', 'R03'),
('5049036607', 'Spike', 'Jameson', 'Fowlds', 'Evins', 'jevins14@wunderground.com', SHA('Contraseña'), 'https://robohash.org/debitisquisratione.png?size=50x50&set=set1', 'TD03', 'R03'),
('3765177113', 'Kerrie', 'Gasper', 'Grolle', 'Dohmer', 'gdohmer15@addthis.com', SHA('Contraseña'), 'https://robohash.org/fugabeataetempore.png?size=50x50&set=set1', 'TD04', 'R03'),
('2445913535', 'Mohammed', 'Tilly', 'Tiffney', 'Ambler', 'tambler16@berkeley.edu', SHA('Contraseña'), 'https://robohash.org/itaqueessereiciendis.png?size=50x50&set=set1', 'TD01', 'R03'),
('8466745696', 'Isidor', 'Erik', 'Spencelayh', 'Aldous', 'ealdous17@cocolog-nifty.com', SHA('Contraseña'), 'https://robohash.org/exercitationemnihilqui.png?size=50x50&set=set1', 'TD02', 'R03'),
('7661757575', 'Gorden', 'Gradey', 'Vowells', 'Stannah', 'gstannah18@marriott.com', SHA('Contraseña'), 'https://robohash.org/corruptiquiaautem.png?size=50x50&set=set1', 'TD03', 'R03'),
('3736964099', 'Rozamond', 'Waring', 'Palatino', 'Cardno', 'wcardno19@goo.gl', SHA('Contraseña'), 'https://robohash.org/etatet.png?size=50x50&set=set1', 'TD04', 'R03'),
('7977128616', 'Lorry', 'Elka', 'Walstow', 'Scirman', 'escirman1a@ning.com', SHA('Contraseña'), 'https://robohash.org/perspiciatisquasisapiente.png?size=50x50&set=set1', 'TD01', 'R03'),
('1428089284', 'Vivie', 'Moyna', 'Cesconi', 'Teresi', 'mteresi1b@sourceforge.net', SHA('Contraseña'), 'https://robohash.org/autnullareiciendis.png?size=50x50&set=set1', 'TD02', 'R03'),
('8812739709', 'Adriana', 'Ninetta', 'Connelly', 'Newcombe', 'nnewcombe1c@csmonitor.com', SHA('Contraseña'), 'https://robohash.org/eumautqui.png?size=50x50&set=set1', 'TD03', 'R03'),
('3400156191', 'Randy', 'Jonathan', 'Hyam', 'Rudland', 'jrudland1d@issuu.com', SHA('Contraseña'), 'https://robohash.org/repellendusametillum.png?size=50x50&set=set1', 'TD04', 'R03'),
('1819475298', 'Morgan', 'Delcine', 'Chesterfield', 'Furse', 'dfurse1e@yelp.com', SHA('Contraseña'), 'https://robohash.org/quivoluptatemalias.png?size=50x50&set=set1', 'TD01', 'R03'),
('6043651300', 'Maudie', 'Coralyn', 'Billes', 'Delwater', 'cdelwater1f@ucoz.ru', SHA('Contraseña'), 'https://robohash.org/architectoconsequaturin.png?size=50x50&set=set1', 'TD02', 'R03'),
('3281764991', 'Baudoin', 'Barbe', 'McConville', 'Hucks', 'bhucks1g@ed.gov', SHA('Contraseña'), 'https://robohash.org/fugitsitquidem.png?size=50x50&set=set1', 'TD03', 'R03'),
('9510898732', 'Tirrell', 'Jamal', 'McCromley', 'Cortnay', 'jcortnay1h@go.com', SHA('Contraseña'), 'https://robohash.org/rationemagniquis.png?size=50x50&set=set1', 'TD04', 'R03'),
('5706164894', 'Eward', 'Dill', 'Creese', 'Deviney', 'ddeviney1i@stumbleupon.com', SHA('Contraseña'), 'https://robohash.org/etbeataeet.png?size=50x50&set=set1', 'TD01', 'R03'),
('8807626519', 'Dunc', 'Sharline', 'Mordie', 'Erik', 'serik1j@walmart.com',SHA('Contraseña'), 'https://robohash.org/nullaanimiea.png?size=50x50&set=set1', 'TD02', 'R03'),
('9324225308', 'Roarke', 'Catlin', 'Redington', 'Likely', 'clikely1k@google.pl', SHA('Contraseña'), 'https://robohash.org/molestiaeiureaut.png?size=50x50&set=set1', 'TD03', 'R03'),
('1118556984', 'Wright', 'Timmy', 'Ugo', 'Skeeles', 'tskeeles1l@harvard.edu', SHA('Contraseña'), 'https://robohash.org/recusandaequiaquaerat.png?size=50x50&set=set1', 'TD04', 'R03'),
('8407705055', 'Ty', 'Lizbeth', 'Prosh', 'Reuter', 'lreuter1m@amazon.de', SHA('Contraseña'), 'https://robohash.org/illooccaecatimodi.png?size=50x50&set=set1', 'TD01', 'R03'),
('9603925705', 'Rikki', 'Karlen', 'Trout', 'Backson', 'kbackson1n@ihg.com', SHA('Contraseña'), 'https://robohash.org/voluptatuminvoluptatem.png?size=50x50&set=set1', 'TD02', 'R03'),
('6022508274', 'Baudoin', 'Charissa', 'Grog', 'Arndell', 'carndell1o@linkedin.com', SHA('Contraseña'), 'https://robohash.org/doloremquevoluptatemvelit.png?size=50x50&set=set1', 'TD03', 'R03'),
('8804669691', 'Moises', 'Katya', 'Paxeford', 'Nevinson', 'knevinson1p@w3.org', SHA('Contraseña'), 'https://robohash.org/sintasperioresitaque.png?size=50x50&set=set1', 'TD04', 'R03'),
('4878324767', 'Bibbye', 'Tymothy', 'Eschelle', 'Borrowman', 'tborrowman1q@adobe.com', SHA('Contraseña'), 'https://robohash.org/velitquiillum.png?size=50x50&set=set1', 'TD01', 'R03'),
('8995464437', 'Bobbye', 'Laney', 'Welfair', 'Benyan', 'lbenyan1r@microsoft.com', SHA('Contraseña'), 'https://robohash.org/idporronihil.png?size=50x50&set=set1', 'TD02', 'R03'),
('1324385065', 'Angie', 'Lucie', 'Thaller', 'Bunting', 'lbunting1s@hugedomains.com', SHA('Contraseña'), 'https://robohash.org/rerumnihilenim.png?size=50x50&set=set1', 'TD03', 'R03'),
('6019371018', 'Muriel', 'Winny', 'Lauridsen', 'Wilce', 'wwilce1t@google.co.jp', SHA('Contraseña'), 'https://robohash.org/aspernaturofficiisipsa.png?size=50x50&set=set1', 'TD04', 'R03'),
('0422691720', 'Mile', 'Scott', 'Loughren', 'Hughs', 'shughs1u@pinterest.com', SHA('Contraseña'), 'https://robohash.org/quinihilmolestias.png?size=50x50&set=set1', 'TD01', 'R03'),
('7013531561', 'Mariska', 'Donnie', 'Pieters', 'Lasselle', 'dlasselle1v@booking.com', SHA('Contraseña'), 'https://robohash.org/voluptatibusmolestiaesequi.png?size=50x50&set=set1', 'TD02', 'R03'),
('1023513838', 'Dewain', 'Madelina', 'Haggarth', 'Goudman', 'mgoudman1w@bluehost.com', SHA('Contraseña'), 'https://robohash.org/saepenihilnon.png?size=50x50&set=set1', 'TD03', 'R03'),
('9160205458', 'Murial', 'Chrysler', 'Fooks', 'Youde', 'cyoude1x@deviantart.com', SHA('Contraseña'), 'https://robohash.org/illoharumperspiciatis.png?size=50x50&set=set1', 'TD04', 'R03'),
('9779736913', 'Curran', 'Louella', 'Osbidston', 'Sherrock', 'lsherrock1y@msu.edu', SHA('Contraseña'), 'https://robohash.org/aliquamessequi.png?size=50x50&set=set1', 'TD01', 'R03'),
('3648447637', 'Gerrie', 'Haleigh', 'Farlowe', 'Pinck', 'hpinck1z@salon.com', SHA('Contraseña'), 'https://robohash.org/esseeligendivoluptas.png?size=50x50&set=set1', 'TD02', 'R03'),
('9854560759', 'Larisa', 'Elka', 'Bircher', 'Mason', 'emason20@artisteer.com', SHA('Contraseña'), 'https://robohash.org/eiusaccusamusexercitationem.png?size=50x50&set=set1', 'TD03', 'R03'),
('6586527996', 'Kelli', 'Farr', 'Camfield', 'Martinson', 'fmartinson21@vk.com', SHA('Contraseña'), 'https://robohash.org/quotemporeat.png?size=50x50&set=set1', 'TD04', 'R03'),
('5853240595', 'Tandie', 'Sherwynd', 'Grave', 'Wilford', 'swilford22@dot.gov', SHA('Contraseña'), 'https://robohash.org/reiciendislaborequia.png?size=50x50&set=set1', 'TD01', 'R03'),
('7713455795', 'Gilemette', 'Jae', 'Pulley', 'Newall', 'jnewall23@symantec.com', SHA('Contraseña'), 'https://robohash.org/perspiciatisprovidentsed.png?size=50x50&set=set1', 'TD02', 'R03'),
('4079262302', 'Shani', 'Kimberly', 'Coxon', 'Davidovits', 'kdavidovits24@cnet.com', SHA('Contraseña'), 'https://robohash.org/errorquivoluptas.png?size=50x50&set=set1', 'TD03', 'R03'),
('4248084082', 'Mellie', 'Flor', 'Kropach', 'McEwen', 'fmcewen25@icio.us', SHA('Contraseña'), 'https://robohash.org/nonvoluptateratione.png?size=50x50&set=set1', 'TD04', 'R03'),
('6164703662', 'Ingeberg', 'Denny', 'Richards', 'Chalkly', 'dchalkly26@jigsy.com', SHA('Contraseña'), 'https://robohash.org/accusamusnisimaxime.png?size=50x50&set=set1', 'TD01', 'R03'),
('6512935624', 'Julita', 'Meir', 'Sexton', 'Ahern', 'mahern27@mediafire.com', SHA('Contraseña'), 'https://robohash.org/aestet.png?size=50x50&set=set1', 'TD02', 'R03'),
('9011877381', 'Karla', 'Levon', 'Templeton', 'Goodyear', 'lgoodyear28@jiathis.com', SHA('Contraseña'), 'https://robohash.org/voluptatemaperiamet.png?size=50x50&set=set1', 'TD03', 'R03'),
('9966555900', 'Noble', 'Jase', 'Megarry', 'MacAlister', 'jmacalister29@dropbox.com', SHA('Contraseña'), 'https://robohash.org/quisutprovident.png?size=50x50&set=set1', 'TD04', 'R03'),
('6637653020', 'Arlyn', 'Gabi', 'Kealy', 'Semple', 'gsemple2a@issuu.com', SHA('Contraseña'), 'https://robohash.org/laborumetdeleniti.png?size=50x50&set=set1', 'TD01', 'R03'),
('5571310219', 'Tedda', 'Salome', 'Juschka', 'Hinckes', 'shinckes2b@oracle.com', SHA('Contraseña'), 'https://robohash.org/similiqueveniamea.png?size=50x50&set=set1', 'TD02', 'R03'),
('7748854068', 'Edouard', 'Helga', 'Frith', 'Borleace', 'hborleace2c@house.gov', SHA('Contraseña'), 'https://robohash.org/undereiciendissunt.png?size=50x50&set=set1', 'TD03', 'R03'),
('1132930162', 'Valeria', 'Erhard', 'Scrivens', 'Thick', 'ethick2d@blog.com', SHA('Contraseña'), 'https://robohash.org/mollitiaundeharum.png?size=50x50&set=set1', 'TD04', 'R03'),
('2052996168', 'Ruddy', 'Meggie', 'Geertsen', 'Humbert', 'mhumbert2e@illinois.edu', SHA('Contraseña'), 'https://robohash.org/idducimuslibero.png?size=50x50&set=set1', 'TD01', 'R03'),
('7520321460', 'Karlotta', 'Ondrea', 'Gages', 'Trewhitt', 'otrewhitt2f@ustream.tv', SHA('Contraseña'), 'https://robohash.org/idvelcum.png?size=50x50&set=set1', 'TD02', 'R03'),
('7408828419', 'Bartlet', 'Bibbye', 'Ragat', 'Lillyman', 'blillyman2g@ucsd.edu', SHA('Contraseña'), 'https://robohash.org/quidemmolestiaesed.png?size=50x50&set=set1', 'TD03', 'R03'),
('5811422806', 'Roch', 'Early', 'Seer', 'Booth', 'ebooth2h@smugmug.com', SHA('Contraseña'), 'https://robohash.org/magnammolestiaedolores.png?size=50x50&set=set1', 'TD04', 'R03'),
('3363076649', 'Daryle', 'Shana', 'Tadgell', 'Bickford', 'sbickford2i@ifeng.com', SHA('Contraseña'), 'https://robohash.org/perferendissiteius.png?size=50x50&set=set1', 'TD01', 'R03'),
('1585729620', 'Gunar', 'Rickert', 'Maplestone', 'Colquhoun', 'rcolquhoun2j@printfriendly.com', SHA('Contraseña'), 'https://robohash.org/blanditiisvoluptasvoluptatibus.png?size=50x50&set=set1', 'TD02', 'R03'),
('5002174809', 'Carolina', 'Fernandina', 'Quaif', 'Raoul', 'fraoul2k@behance.net', SHA('Contraseña'), 'https://robohash.org/quisinid.png?size=50x50&set=set1', 'TD03', 'R03'),
('8659891783', 'Joli', 'Tyrone', 'Orpyne', 'Siddaley', 'tsiddaley2l@harvard.edu', SHA('Contraseña'), 'https://robohash.org/adipiscirepudiandaeexcepturi.png?size=50x50&set=set1', 'TD04', 'R03'),
('7081869750', 'Ursala', 'Veda', 'Muscott', 'Vecard', 'vvecard2m@wunderground.com', SHA('Contraseña'), 'https://robohash.org/impeditperferendisfacere.png?size=50x50&set=set1', 'TD01', 'R03'),
('9565761038', 'Jeniffer', 'Dani', 'Aked', 'Bjerkan', 'dbjerkan2n@gnu.org', SHA('Contraseña'), 'https://robohash.org/nobismollitiaab.png?size=50x50&set=set1', 'TD02', 'R03'),
('8390662523', 'Francoise', 'Anica', 'Witch', 'Barnhart', 'abarnhart2o@statcounter.com', SHA('Contraseña'), 'https://robohash.org/laborumautnatus.png?size=50x50&set=set1', 'TD03', 'R03'),
('8544619800', 'Keene', 'Rutger', 'Croker', 'Saltsberg', 'rsaltsberg2p@samsung.com', SHA('Contraseña'), 'https://robohash.org/quoatdolores.png?size=50x50&set=set1', 'TD04', 'R03'),
('9293978741', 'Oliver', 'Langsdon', 'Bourgour', 'Carryer', 'lcarryer2q@irs.gov', SHA('Contraseña'), 'https://robohash.org/laboriosamvoluptatemqui.png?size=50x50&set=set1', 'TD01', 'R03'),
('4958247378', 'Urson', 'Dan', 'Cutriss', 'Brind', 'dbrind2r@mysql.com', SHA('Contraseña'), 'https://robohash.org/earumsedanimi.png?size=50x50&set=set1', 'TD02', 'R03'),
('0404652913', 'Shena', 'Jocelin', 'Hawkeswood', 'Bissex', 'jbissex2s@mozilla.com', SHA('Contraseña'), 'https://robohash.org/assumendaasperioresquis.png?size=50x50&set=set1', 'TD03', 'R03'),
('3508254895', 'Robb', 'Louisa', 'Cicchitello', 'Sellan', 'lsellan2t@shutterfly.com', SHA('Contraseña'), 'https://robohash.org/autemimpeditmolestias.png?size=50x50&set=set1', 'TD04', 'R03'),
('5027593201', 'Alic', 'Paule', 'Pedrick', 'Coate', 'pcoate2u@creativecommons.org', SHA('Contraseña'), 'https://robohash.org/ipsametqui.png?size=50x50&set=set1', 'TD01', 'R03'),
('5307583907', 'Allyson', 'Moses', 'Senett', 'Mitchley', 'mmitchley2v@huffingtonpost.com', SHA('Contraseña'), 'https://robohash.org/iustoipsumconsequatur.png?size=50x50&set=set1', 'TD02', 'R03'),
('7309620704', 'Catharina', 'Ebeneser', 'Lints', 'Farfolomeev', 'efarfolomeev2w@edublogs.org', SHA('Contraseña'), 'https://robohash.org/maximelaboriosamqui.png?size=50x50&set=set1', 'TD03', 'R03'),
('5840240117', 'Kelcie', 'Jacklin', 'Bradley', 'Hayman', 'jhayman2x@google.com.hk', SHA('Contraseña'), 'https://robohash.org/autculpavoluptatem.png?size=50x50&set=set1', 'TD04', 'R03'),
('4714180339', 'Shaylynn', 'Ax', 'Le Brun', 'Cheverton', 'acheverton2y@reddit.com', SHA('Contraseña'), 'https://robohash.org/impeditvoluptaserror.png?size=50x50&set=set1', 'TD01', 'R03'),
('6504548234', 'Mellisa', 'Rockwell', 'Ecclesall', 'Carleman', 'rcarleman2z@ftc.gov', SHA('Contraseña'), 'https://robohash.org/iureeligendiperspiciatis.png?size=50x50&set=set1', 'TD02', 'R03'),
('2412093601', 'Alexina', 'Verile', 'Hutcheons', 'Ondrousek', 'vondrousek30@earthlink.net', SHA('Contraseña'), 'https://robohash.org/eosverorepellat.png?size=50x50&set=set1', 'TD03', 'R03'),
('7210040587', 'Eleanor', 'Wynne', 'Auguste', 'Vela', 'wvela31@istockphoto.com', SHA('Contraseña'), 'https://robohash.org/illumrepellendusest.png?size=50x50&set=set1', 'TD04', 'R03'),
('4278059647', 'Veronike', 'Bellanca', 'Ianizzi', 'Tomas', 'btomas32@networkadvertising.org', SHA('Contraseña'), 'https://robohash.org/evenietnamut.png?size=50x50&set=set1', 'TD01', 'R03'),
('7000459050', 'Hestia', 'Prinz', 'Gameson', 'Guest', 'pguest33@newyorker.com', SHA('Contraseña'), 'https://robohash.org/quiaconsequunturet.png?size=50x50&set=set1', 'TD02', 'R03'),
('2736631374', 'Gilberta', 'Vincenty', 'Benmore', 'Sayse', 'vsayse34@pbs.org', SHA('Contraseña'), 'https://robohash.org/verosolutadistinctio.png?size=50x50&set=set1', 'TD03', 'R03'),
('2813693790', 'Hershel', 'Ninnette', 'Wasbey', 'Bothbie', 'nbothbie35@themeforest.net', SHA('Contraseña'), 'https://robohash.org/totamconsequaturquaerat.png?size=50x50&set=set1', 'TD04', 'R03'),
('9004676473', 'Clemmy', 'Zuzana', 'Oehme', 'Goundry', 'zgoundry36@ucoz.ru', SHA('Contraseña'), 'https://robohash.org/liberoquismolestias.png?size=50x50&set=set1', 'TD01', 'R03'),
('3135908445', 'Franni', 'Elyn', 'Nodin', 'Ausiello', 'eausiello37@gizmodo.com', SHA('Contraseña'), 'https://robohash.org/undequoatque.png?size=50x50&set=set1', 'TD02', 'R03'),
('9443077752', 'Estevan', 'Avis', 'Dongate', 'Beneze', 'abeneze38@gizmodo.com', SHA('Contraseña'), 'https://robohash.org/etdebitisipsam.png?size=50x50&set=set1', 'TD03', 'R03'),
('7435231290', 'Yancy', 'Brigid', 'Kenrat', 'Skaid', 'bskaid39@dedecms.com', SHA('Contraseña'), 'https://robohash.org/aliquidconsequaturvoluptas.png?size=50x50&set=set1', 'TD04', 'R03'),
('0296933279', 'Ellswerth', 'Hobey', 'Christmas', 'Agglio', 'hagglio3a@europa.eu', SHA('Contraseña'), 'https://robohash.org/ipsamnecessitatibusincidunt.png?size=50x50&set=set1', 'TD01', 'R03'),
('0467345961', 'Dara', 'Karissa', 'Branney', 'Spray', 'kspray3b@ning.com', SHA('Contraseña'), 'https://robohash.org/eosvoluptatemexcepturi.png?size=50x50&set=set1', 'TD02', 'R03'),
('6695028605', 'Lanna', 'Terrie', 'Heine', 'Creer', 'tcreer3c@amazon.co.uk', SHA('Contraseña'), 'https://robohash.org/omniscumqueest.png?size=50x50&set=set1', 'TD03', 'R03'),
('8084770101', 'Deeyn', 'Mommy', 'Fforde', 'Gallyhaock', 'mgallyhaock3d@rakuten.co.jp', SHA('Contraseña'), 'https://robohash.org/quasnullapraesentium.png?size=50x50&set=set1', 'TD04', 'R03'),
('4596537224', 'Amy', 'Chrisse', 'Kivlehan', 'Baiyle', 'cbaiyle3e@hostgator.com', SHA('Contraseña'), 'https://robohash.org/quosvoluptateiusto.png?size=50x50&set=set1', 'TD01', 'R03'),
('1559491914', 'Wally', 'Josee', 'Learmount', 'Matula', 'jmatula3f@surveymonkey.com', SHA('Contraseña'), 'https://robohash.org/nonestqui.png?size=50x50&set=set1', 'TD02', 'R03'),
('7243001408', 'Evvy', 'Daphene', 'Gristhwaite', 'Doctor', 'ddoctor3g@domainmarket.com', SHA('Contraseña'), 'https://robohash.org/modiexercitationemimpedit.png?size=50x50&set=set1', 'TD03', 'R03'),
('2987084420', 'Blondell', 'Obadias', 'Armer', 'Pipe', 'opipe3h@columbia.edu', SHA('Contraseña'), 'https://robohash.org/quaenisimodi.png?size=50x50&set=set1', 'TD04', 'R03'),
('8110365965', 'Annabella', 'Connie', 'Wife', 'Swidenbank', 'cswidenbank3i@prlog.org', SHA('Contraseña'), 'https://robohash.org/adipiscieumvoluptas.png?size=50x50&set=set1', 'TD01', 'R03'),
('2678885674', 'Jeralee', 'Dolores', 'Millberg', 'Manolov', 'dmanolov3j@storify.com', SHA('Contraseña'), 'https://robohash.org/officiaistecum.png?size=50x50&set=set1', 'TD02', 'R03'),
('5902746272', 'Emily', 'Lyda', 'Ludwikiewicz', 'Krolman', 'lkrolman3k@delicious.com', SHA('Contraseña'), 'https://robohash.org/voluptasfugitvero.png?size=50x50&set=set1', 'TD03', 'R03'),
('1086641388', 'Harrietta', 'Cris', 'Faveryear', 'Gronw', 'cgronw3l@163.com', SHA('Contraseña'), 'https://robohash.org/sequiipsumfacere.png?size=50x50&set=set1', 'TD04', 'R03'),
('1642544434', 'Dill', 'Tobi', 'Joll', 'Salvage', 'tsalvage3m@globo.com', SHA('Contraseña'), 'https://robohash.org/inventoreiddolorem.png?size=50x50&set=set1', 'TD01', 'R03'),
('1356487025', 'Darleen', 'Neile', 'McDonnell', 'Pesterfield', 'npesterfield3n@g.co', SHA('Contraseña'), 'https://robohash.org/molestiasetdolore.png?size=50x50&set=set1', 'TD02', 'R03'),
('8155860469', 'Gerri', 'Teddi', 'Jeffes', 'Hackleton', 'thackleton3o@patch.com', SHA('Contraseña'), 'https://robohash.org/laboriosamvelitinventore.png?size=50x50&set=set1', 'TD03', 'R03'),
('6110079839', 'Chance', 'Goldie', 'Didsbury', 'Squire', 'gsquire3p@si.edu', SHA('Contraseña'), 'https://robohash.org/culparationecupiditate.png?size=50x50&set=set1', 'TD04', 'R03'),
('1725372398', 'Consuelo', 'Vladamir', 'Groundwator', 'Rands', 'vrands3q@un.org', SHA('Contraseña'), 'https://robohash.org/cupiditatevelitatque.png?size=50x50&set=set1', 'TD01', 'R03'),
('2162870029', 'Vanny', 'Gladi', 'Farriar', 'Brotheridge', 'gbrotheridge3r@newsvine.com', SHA('Contraseña'), 'https://robohash.org/etidsaepe.png?size=50x50&set=set1', 'TD02', 'R03'),
('9346690704', 'Pammy', 'Nicko', 'Lavielle', 'Creed', 'ncreed3s@hao123.com', SHA('Contraseña'), 'https://robohash.org/doloribusestat.png?size=50x50&set=set1', 'TD03', 'R03'),
('5160274731', 'Derwin', 'Paulina', 'Noar', 'Chastey', 'pchastey3t@flavors.me', SHA('Contraseña'), 'https://robohash.org/quiaautdignissimos.png?size=50x50&set=set1', 'TD04', 'R03'),
('9771976052', 'Eddie', 'Patrick', 'Muccino', 'Semble', 'psemble3u@tripod.com', SHA('Contraseña'), 'https://robohash.org/quoautreiciendis.png?size=50x50&set=set1', 'TD01', 'R03'),
('3351916248', 'Kele', 'Garrik', 'Zimmermeister', 'Perel', 'gperel3v@xing.com', SHA('Contraseña'), 'https://robohash.org/insaepenulla.png?size=50x50&set=set1', 'TD02', 'R03'),
('3681607400', 'Sherwin', 'Kirby', 'Moiser', 'Baynon', 'kbaynon3w@imdb.com', SHA('Contraseña'), 'https://robohash.org/ututenim.png?size=50x50&set=set1', 'TD03', 'R03'),
('9822313853', 'Fairlie', 'Lanna', 'MacRury', 'Firks', 'lfirks3x@usnews.com', SHA('Contraseña'), 'https://robohash.org/voluptatibusetrem.png?size=50x50&set=set1', 'TD04', 'R03'),
('6258339549', 'Lynda', 'Hillary', 'Frankiss', 'Bush', 'hbush3y@t.co', SHA('Contraseña'), 'https://robohash.org/eteaquequis.png?size=50x50&set=set1', 'TD01', 'R03'),
('5626204016', 'Markos', 'Ken', 'Drescher', 'Clemence', 'kclemence3z@uiuc.edu', SHA('Contraseña'), 'https://robohash.org/eaquiperferendis.png?size=50x50&set=set1', 'TD02', 'R03'),
('8193500199', 'Flem', 'Cristie', 'Krahl', 'Hincks', 'chincks40@myspace.com', SHA('Contraseña'), 'https://robohash.org/aspernaturdolorumperspiciatis.png?size=50x50&set=set1', 'TD03', 'R03'),
('3024865241', 'Lavinie', 'Zelig', 'Hacaud', 'Sidebotton', 'zsidebotton41@nifty.com', SHA('Contraseña'), 'https://robohash.org/nihilnatusab.png?size=50x50&set=set1', 'TD04', 'R03'),
('2027768548', 'Skelly', 'Marlene', 'Chamberlen', 'Kurten', 'mkurten42@ftc.gov', SHA('Contraseña'), 'https://robohash.org/etdebitisexplicabo.png?size=50x50&set=set1', 'TD01', 'R03'),
('3621165487', 'Kathye', 'Karry', 'Biddell', 'Stuffins', 'kstuffins43@dyndns.org', SHA('Contraseña'), 'https://robohash.org/expeditaautquia.png?size=50x50&set=set1', 'TD02', 'R03'),
('6795006654', 'Shayla', 'Sheree', 'Wiles', 'Stegel', 'sstegel44@pbs.org', SHA('Contraseña'), 'https://robohash.org/optionequequos.png?size=50x50&set=set1', 'TD03', 'R03'),
('5651886109', 'Barnebas', 'Portie', 'Shilling', 'Fratson', 'pfratson45@yahoo.com', SHA('Contraseña'), 'https://robohash.org/consecteturmaximeiste.png?size=50x50&set=set1', 'TD04', 'R03'),
('3160418944', 'Margalit', 'Livvie', 'Remnant', 'Baildon', 'lbaildon46@columbia.edu', SHA('Contraseña'), 'https://robohash.org/nonquaeratrepellendus.png?size=50x50&set=set1', 'TD01', 'R03'),
('6081075893', 'Sylvia', 'Rip', 'Neill', 'Ellwood', 'rellwood47@adobe.com', SHA('Contraseña'), 'https://robohash.org/facilisvoluptasquaerat.png?size=50x50&set=set1', 'TD02', 'R03'),
('6970673928', 'Evangelin', 'Chane', 'McNeigh', 'Inglese', 'cinglese48@addtoany.com', SHA('Contraseña'), 'https://robohash.org/sapientetotamvel.png?size=50x50&set=set1', 'TD03', 'R03'),
('9659561954', 'Maribel', 'Melisa', 'Glasson', 'Ewan', 'mewan49@addthis.com', SHA('Contraseña'), 'https://robohash.org/impeditautconsequatur.png?size=50x50&set=set1', 'TD04', 'R03'),
('8585806117', 'Inga', 'Freeman', 'Vlach', 'Pardal', 'fpardal4a@github.com', SHA('Contraseña'), 'https://robohash.org/quaspariaturaut.png?size=50x50&set=set1', 'TD01', 'R03'),
('7940765523', 'Elvis', 'Siffre', 'Duckitt', 'Spellissy', 'sspellissy4b@ted.com', SHA('Contraseña'), 'https://robohash.org/maximedoloremquedolores.png?size=50x50&set=set1', 'TD02', 'R03'),
('6742465816', 'Zilvia', 'Killy', 'Hazley', 'Gagan', 'kgagan4c@bandcamp.com', SHA('Contraseña'), 'https://robohash.org/etarchitectolaboriosam.png?size=50x50&set=set1', 'TD03', 'R03'),
('5929320101', 'Corrie', 'Markus', 'Du Fray', 'Clotworthy', 'mclotworthy4d@hc360.com', SHA('Contraseña'), 'https://robohash.org/fugiatutincidunt.png?size=50x50&set=set1', 'TD04', 'R03'),
('2765088217', 'Antonietta', 'Evonne', 'Caustic', 'Summerfield', 'esummerfield4e@cornell.edu', SHA('Contraseña'), 'https://robohash.org/excepturimolestiaedolorum.png?size=50x50&set=set1', 'TD01', 'R03'),
('8727855902', 'Arline', 'Suki', 'Robatham', 'Hulson', 'shulson4f@tinypic.com', SHA('Contraseña'), 'https://robohash.org/doloreminimanon.png?size=50x50&set=set1', 'TD02', 'R03'),
('2586117980', 'Emilio', 'Minna', 'Jakoubek', 'Hurrion', 'mhurrion4g@printfriendly.com', SHA('Contraseña'), 'https://robohash.org/autaliquidminima.png?size=50x50&set=set1', 'TD03', 'R03'),
('9139532739', 'Ariadne', 'Freddie', 'Fridd', 'Mollindinia', 'fmollindinia4h@feedburner.com', SHA('Contraseña'), 'https://robohash.org/eoseligendifugit.png?size=50x50&set=set1', 'TD04', 'R03'),
('3207444644', 'Dillon', 'Beret', 'Blainey', 'Regus', 'bregus4i@google.co.uk', SHA('Contraseña'), 'https://robohash.org/nonofficiaasperiores.png?size=50x50&set=set1', 'TD01', 'R03'),
('5431398520', 'Lek', 'Tamera', 'Hattigan', 'Ubsdale', 'tubsdale4j@webnode.com', SHA('Contraseña'), 'https://robohash.org/doloremtemporesunt.png?size=50x50&set=set1', 'TD02', 'R03'),
('6754671017', 'Melisa', 'Stephi', 'Pic', 'Mousley', 'smousley4k@spotify.com', SHA('Contraseña'), 'https://robohash.org/repellatquoid.png?size=50x50&set=set1', 'TD03', 'R03'),
('3149763983', 'Max', 'Alon', 'Wilcher', 'Jeannard', 'ajeannard4l@amazon.co.uk', SHA('Contraseña'), 'https://robohash.org/nonquaseos.png?size=50x50&set=set1', 'TD04', 'R03'),
('3762168474', 'Larine', 'Maurizio', 'Phippen', 'Sterricker', 'msterricker4m@privacy.gov.au', SHA('Contraseña'), 'https://robohash.org/providentnecessitatibusunde.png?size=50x50&set=set1', 'TD01', 'R03'),
('8627969957', 'Elizabeth', 'Aubree', 'Houten', 'Danielou', 'adanielou4n@usgs.gov', SHA('Contraseña'), 'https://robohash.org/molestiaeetdolorum.png?size=50x50&set=set1', 'TD02', 'R03'),
('5623525628', 'Elysia', 'Amelie', 'Lowings', 'Eland', 'aeland4o@jugem.jp', SHA('Contraseña'), 'https://robohash.org/facereeaqueest.png?size=50x50&set=set1', 'TD03', 'R03'),
('3259186247', 'Cliff', 'Shana', 'Berwick', 'Liggins', 'sliggins4p@csmonitor.com', SHA('Contraseña'), 'https://robohash.org/doloreeiuslaborum.png?size=50x50&set=set1', 'TD04', 'R03'),
('7182507609', 'Alia', 'Ewart', 'Gerhartz', 'Deas', 'edeas4q@nbcnews.com', SHA('Contraseña'), 'https://robohash.org/autnemoquia.png?size=50x50&set=set1', 'TD01', 'R03'),
('8065096506', 'Glenda', 'Janeen', 'Simpole', 'Antony', 'jantony4r@fda.gov', SHA('Contraseña'), 'https://robohash.org/velitaccusantiumdoloribus.png?size=50x50&set=set1', 'TD02', 'R03'),
('9813800232', 'Kevina', 'Nicola', 'Janzen', 'Girone', 'ngirone4s@yale.edu', SHA('Contraseña'), 'https://robohash.org/erroraliquamullam.png?size=50x50&set=set1', 'TD03', 'R03'),
('1603145729', 'Carl', 'Gertrude', 'Benedek', 'Chazelas', 'gchazelas4t@ihg.com', SHA('Contraseña'), 'https://robohash.org/fugafacerenobis.png?size=50x50&set=set1', 'TD04', 'R03'),
('5153865614', 'Mack', 'Veronique', 'Vogele', 'Coldbathe', 'vcoldbathe4u@usnews.com', SHA('Contraseña'), 'https://robohash.org/aspernatursuntducimus.png?size=50x50&set=set1', 'TD01', 'R03'),
('7814067847', 'Keelia', 'Kent', 'Hagston', 'Matherson', 'kmatherson4v@soup.io', SHA('Contraseña'), 'https://robohash.org/voluptatemimpeditmaiores.png?size=50x50&set=set1', 'TD02', 'R03'),
('1162177128', 'Anatol', 'Welsh', 'Volkers', 'Bisp', 'wbisp4w@paginegialle.it', SHA('Contraseña'), 'https://robohash.org/voluptassitet.png?size=50x50&set=set1', 'TD03', 'R03'),
('3908242207', 'Tracie', 'Harriott', 'Aleksic', 'Pretious', 'hpretious4x@theglobeandmail.com', SHA('Contraseña'), 'https://robohash.org/remeaquevel.png?size=50x50&set=set1', 'TD04', 'R03'),
('8360283060', 'Marthena', 'Brandtr', 'Kochel', 'Cesaric', 'bcesaric4y@hostgator.com', SHA('Contraseña'), 'https://robohash.org/blanditiisautemnon.png?size=50x50&set=set1', 'TD01', 'R03'),
('6994223140', 'Kris', 'Meriel', 'Brodley', 'Dockrey', 'mdockrey4z@va.gov', SHA('Contraseña'), 'https://robohash.org/sedutsoluta.png?size=50x50&set=set1', 'TD02', 'R03');

insert into Administrador (FK_NumDoc, FK_IdTipDoc) values

('1967331235', 'TD01'),
('7094898533', 'TD02'),
('6587881254', 'TD03');

insert into Aprendiz (FK_NumDoc, FK_IdTipDoc) values

('7772192142', 'TD03'),
('6618390877', 'TD04'),
('1039035248', 'TD01'),
('6207741668', 'TD02'),
('2865016668', 'TD03'),
('8130677423', 'TD04'),
('7363959528', 'TD01'),
('3942154811', 'TD02'),
('7268872682', 'TD03'),
('1522209719', 'TD04'),
('9871385528', 'TD01'),
('0056722222', 'TD02'),
('8766046017', 'TD03'),
('8057871393', 'TD04'),
('6455589076', 'TD01'),
('3273878991', 'TD02'),
('5931658343', 'TD03'),
('2773966112', 'TD04'),
('0732656176', 'TD01'),
('3910495192', 'TD02'),
('4137832552', 'TD03'),
('0975875515', 'TD04'),
('0253691621', 'TD01'),
('1712262033', 'TD02'),
('1629575453', 'TD03'),
('9410362946', 'TD04'),
('1566795362', 'TD01'),
('0821124528', 'TD02'),
('2215113960', 'TD03'),
('9050822045', 'TD04'),
('7995701063', 'TD01'),
('7109068404', 'TD02'),
('6947797519', 'TD03'),
('6222468136', 'TD04'),
('1138130311', 'TD01'),
('2491271192', 'TD02'),
('5841704885', 'TD03'),
('8595514119', 'TD04'),
('3342012870', 'TD01'),
('1427110921', 'TD02'),
('5049036607', 'TD03'),
('3765177113', 'TD04'),
('2445913535', 'TD01'),
('8466745696', 'TD02'),
('7661757575', 'TD03'),
('3736964099', 'TD04'),
('7977128616', 'TD01'),
('1428089284', 'TD02'),
('8812739709', 'TD03'),
('3400156191', 'TD04'),
('1819475298', 'TD01'),
('6043651300', 'TD02'),
('3281764991', 'TD03'),
('9510898732', 'TD04'),
('5706164894', 'TD01'),
('8807626519', 'TD02'),
('9324225308', 'TD03'),
('1118556984', 'TD04'),
('8407705055', 'TD01'),
('9603925705', 'TD02'),
('6022508274', 'TD03'),
('8804669691', 'TD04'),
('4878324767', 'TD01'),
('8995464437', 'TD02'),
('1324385065', 'TD03'),
('6019371018', 'TD04'),
('0422691720', 'TD01'),
('7013531561', 'TD02'),
('1023513838', 'TD03'),
('9160205458', 'TD04'),
('9779736913', 'TD01'),
('3648447637', 'TD02'),
('9854560759', 'TD03'),
('6586527996', 'TD04'),
('5853240595', 'TD01'),
('7713455795', 'TD02'),
('4079262302', 'TD03'),
('4248084082', 'TD04'),
('6164703662', 'TD01'),
('6512935624', 'TD02'),
('9011877381', 'TD03'),
('9966555900', 'TD04'),
('6637653020', 'TD01'),
('5571310219', 'TD02'),
('7748854068', 'TD03'),
('1132930162', 'TD04'),
('2052996168', 'TD01'),
('7520321460', 'TD02'),
('7408828419', 'TD03'),
('5811422806', 'TD04'),
('3363076649', 'TD01'),
('1585729620', 'TD02'),
('5002174809', 'TD03'),
('8659891783', 'TD04'),
('7081869750', 'TD01'),
('9565761038', 'TD02'),
('8390662523', 'TD03'),
('8544619800', 'TD04'),
('9293978741', 'TD01'),
('4958247378', 'TD02'),
('0404652913', 'TD03'),
('3508254895', 'TD04'),
('5027593201', 'TD01'),
('5307583907', 'TD02'),
('7309620704', 'TD03'),
('5840240117', 'TD04'),
('4714180339', 'TD01'),
('6504548234', 'TD02'),
('2412093601', 'TD03'),
('7210040587', 'TD04'),
('4278059647', 'TD01'),
('7000459050', 'TD02'),
('2736631374', 'TD03'),
('2813693790', 'TD04'),
('9004676473', 'TD01'),
('3135908445', 'TD02'),
('9443077752', 'TD03'),
('7435231290', 'TD04'),
('0296933279', 'TD01'),
('0467345961', 'TD02'),
('6695028605', 'TD03'),
('8084770101', 'TD04'),
('4596537224', 'TD01'),
('1559491914', 'TD02'),
('7243001408', 'TD03'),
('2987084420', 'TD04'),
('8110365965', 'TD01'),
('2678885674', 'TD02'),
('5902746272', 'TD03'),
('1086641388', 'TD04'),
('1642544434', 'TD01'),
('1356487025', 'TD02'),
('8155860469', 'TD03'),
('6110079839', 'TD04'),
('1725372398', 'TD01'),
('2162870029', 'TD02'),
('9346690704', 'TD03'),
('5160274731', 'TD04'),
('9771976052', 'TD01'),
('3351916248', 'TD02'),
('3681607400', 'TD03'),
('9822313853', 'TD04'),
('6258339549', 'TD01'),
('5626204016', 'TD02'),
('8193500199', 'TD03'),
('3024865241', 'TD04'),
('2027768548', 'TD01'),
('3621165487', 'TD02'),
('6795006654', 'TD03'),
('5651886109', 'TD04'),
('3160418944', 'TD01'),
('6081075893', 'TD02'),
('6970673928', 'TD03'),
('9659561954', 'TD04'),
('8585806117', 'TD01'),
('7940765523', 'TD02'),
('6742465816', 'TD03'),
('5929320101', 'TD04'),
('2765088217', 'TD01'),
('8727855902', 'TD02'),
('2586117980', 'TD03'),
('9139532739', 'TD04'),
('3207444644', 'TD01'),
('5431398520', 'TD02'),
('6754671017', 'TD03'),
('3149763983', 'TD04'),
('3762168474', 'TD01'),
('8627969957', 'TD02'),
('5623525628', 'TD03'),
('3259186247', 'TD04'),
('7182507609', 'TD01'),
('8065096506', 'TD02'),
('9813800232', 'TD03'),
('1603145729', 'TD04'),
('5153865614', 'TD01'),
('7814067847', 'TD02'),
('1162177128', 'TD03'),
('3908242207', 'TD04'),
('8360283060', 'TD01'),
('6994223140', 'TD02');

insert into Instructor (FK_NumDoc, FK_IdTipDoc, FK_IdVin, FK_IdEspecialidad) values

('2480092259', 'TD04', 'V01', 'E01'),
('3468201877', 'TD01', 'V02', 'E02'),
('4936988154', 'TD02', 'V03', 'E03'),
('4883847195', 'TD03', 'V04', 'E04'),
('8088314496', 'TD04', 'V01', 'E05'),
('5809370772', 'TD01', 'V02', 'E06'),
('3460533935', 'TD02', 'V03', 'E07');
 
insert into Aprendiz_Ficha (FK_NumDoc, FK_IdTipDoc, FK_NumFicha, FK_IdGrupo) values

('7772192142', 'TD03', 2058566, 'G01'),
('6618390877', 'TD04', 2058566, 'G01'),
('1039035248', 'TD01', 2058566, 'G01'),
('6207741668', 'TD02', 2058566, 'G01'),
('2865016668', 'TD03', 2058566, 'G01'),
('8130677423', 'TD04', 2058566, 'G01'),
('7363959528', 'TD01', 2058566, 'G01'),
('3942154811', 'TD02', 2058566, 'G01'),
('7268872682', 'TD03', 2058566, 'G01'),
('1522209719', 'TD04', 2058566, 'G01'),
('9871385528', 'TD01', 2034645, 'G02'),
('0056722222', 'TD02', 2034645, 'G02'),
('8766046017', 'TD03', 2034645, 'G02'),
('8057871393', 'TD04', 2034645, 'G02'),
('6455589076', 'TD01', 2034645, 'G02'),
('3273878991', 'TD02', 2034645, 'G02'),
('5931658343', 'TD03', 2034645, 'G02'),
('2773966112', 'TD04', 2034645, 'G02'),
('0732656176', 'TD01', 2034645, 'G02'),
('3910495192', 'TD02', 2034645, 'G02'),
('4137832552', 'TD03', 2035654, 'G03'),
('0975875515', 'TD04', 2035654, 'G03'),
('0253691621', 'TD01', 2035654, 'G03'),
('1712262033', 'TD02', 2035654, 'G03'),
('1629575453', 'TD03', 2035654, 'G03'),
('9410362946', 'TD04', 2035654, 'G03'),
('1566795362', 'TD01', 2035654, 'G03'),
('0821124528', 'TD02', 2035654, 'G03'),
('2215113960', 'TD03', 2035654, 'G03'),
('9050822045', 'TD04', 2035654, 'G03'),
('7995701063', 'TD01', 2098675, 'G01'),
('7109068404', 'TD02', 2098675, 'G01'),
('6947797519', 'TD03', 2098675, 'G01'),
('6222468136', 'TD04', 2098675, 'G01'),
('1138130311', 'TD01', 2098675, 'G01'),
('2491271192', 'TD02', 2098675, 'G01'),
('5841704885', 'TD03', 2098675, 'G01'),
('8595514119', 'TD04', 2098675, 'G01'),
('3342012870', 'TD01', 2098675, 'G01'),
('1427110921', 'TD02', 2098675, 'G01'),
('5049036607', 'TD03', 2034265, 'G02'),
('3765177113', 'TD04', 2034265, 'G02'),
('2445913535', 'TD01', 2034265, 'G02'),
('8466745696', 'TD02', 2034265, 'G02'),
('7661757575', 'TD03', 2034265, 'G02'),
('3736964099', 'TD04', 2034265, 'G02'),
('7977128616', 'TD01', 2034265, 'G02'),
('1428089284', 'TD02', 2034265, 'G02'),
('8812739709', 'TD03', 2034265, 'G02'),
('3400156191', 'TD04', 2034265, 'G02'),
('1819475298', 'TD01', 2012342, 'G03'),
('6043651300', 'TD02', 2012342, 'G03'),
('3281764991', 'TD03', 2012342, 'G03'),
('9510898732', 'TD04', 2012342, 'G03'),
('5706164894', 'TD01', 2012342, 'G03'),
('8807626519', 'TD02', 2012342, 'G03'),
('9324225308', 'TD03', 2012342, 'G03'),
('1118556984', 'TD04', 2012342, 'G03'),
('8407705055', 'TD01', 2012342, 'G03'),
('9603925705', 'TD02', 2012342, 'G03'),
('6022508274', 'TD03', 1954657, 'G01'),
('8804669691', 'TD04', 1954657, 'G01'),
('4878324767', 'TD01', 1954657, 'G01'),
('8995464437', 'TD02', 1954657, 'G01'),
('1324385065', 'TD03', 1954657, 'G01'),
('6019371018', 'TD04', 1954657, 'G01'),
('0422691720', 'TD01', 1954657, 'G01'),
('7013531561', 'TD02', 1954657, 'G01'),
('1023513838', 'TD03', 1954657, 'G01'),
('9160205458', 'TD04', 1954657, 'G01'),
('9779736913', 'TD01', 1998723, 'G02'),
('3648447637', 'TD02', 1998723, 'G02'),
('9854560759', 'TD03', 1998723, 'G02'),
('6586527996', 'TD04', 1998723, 'G02'),
('5853240595', 'TD01', 1998723, 'G02'),
('7713455795', 'TD02', 1998723, 'G02'),
('4079262302', 'TD03', 1998723, 'G02'),
('4248084082', 'TD04', 1998723, 'G02'),
('6164703662', 'TD01', 1998723, 'G02'),
('6512935624', 'TD02', 1998723, 'G02'),
('9011877381', 'TD03', 1963872, 'G03'),
('9966555900', 'TD04', 1963872, 'G03'),
('6637653020', 'TD01', 1963872, 'G03'),
('5571310219', 'TD02', 1963872, 'G03'),
('7748854068', 'TD03', 1963872, 'G03'),
('1132930162', 'TD04', 1963872, 'G03'),
('2052996168', 'TD01', 1963872, 'G03'),
('7520321460', 'TD02', 1963872, 'G03'),
('7408828419', 'TD03', 1963872, 'G03'),
('5811422806', 'TD04', 1963872, 'G03'),
('3363076649', 'TD01', 1935476, 'G01'),
('1585729620', 'TD02', 1935476, 'G01'),
('5002174809', 'TD03', 1935476, 'G01'),
('8659891783', 'TD04', 1935476, 'G01'),
('7081869750', 'TD01', 1935476, 'G01'),
('9565761038', 'TD02', 1935476, 'G01'),
('8390662523', 'TD03', 1935476, 'G01'),
('8544619800', 'TD04', 1935476, 'G01'),
('9293978741', 'TD01', 1935476, 'G01'),
('4958247378', 'TD02', 1935476, 'G01'),
('0404652913', 'TD03', 1958705, 'G02'),
('3508254895', 'TD04', 1958705, 'G02'),
('5027593201', 'TD01', 1958705, 'G02'),
('5307583907', 'TD02', 1958705, 'G02'),
('7309620704', 'TD03', 1958705, 'G02'),
('5840240117', 'TD04', 1958705, 'G02'),
('4714180339', 'TD01', 1958705, 'G02'),
('6504548234', 'TD02', 1958705, 'G02'),
('2412093601', 'TD03', 1958705, 'G02'),
('7210040587', 'TD04', 1958705, 'G02'),
('4278059647', 'TD01', 1945627, 'G03'),
('7000459050', 'TD02', 1945627, 'G03'),
('2736631374', 'TD03', 1945627, 'G03'),
('2813693790', 'TD04', 1945627, 'G03'),
('9004676473', 'TD01', 1945627, 'G03'),
('3135908445', 'TD02', 1945627, 'G03'),
('9443077752', 'TD03', 1945627, 'G03'),
('7435231290', 'TD04', 1945627, 'G03'),
('0296933279', 'TD01', 1945627, 'G03'),
('0467345961', 'TD02', 1945627, 'G03'),
('6695028605', 'TD03', 1853237, 'G01'),
('8084770101', 'TD04', 1853237, 'G01'),
('4596537224', 'TD01', 1853237, 'G01'),
('1559491914', 'TD02', 1853237, 'G01'),
('7243001408', 'TD03', 1853237, 'G01'),
('2987084420', 'TD04', 1853237, 'G01'),
('8110365965', 'TD01', 1853237, 'G01'),
('2678885674', 'TD02', 1853237, 'G01'),
('5902746272', 'TD03', 1853237, 'G01'),
('1086641388', 'TD04', 1853237, 'G01'),
('1642544434', 'TD01', 1829487, 'G02'),
('1356487025', 'TD02', 1829487, 'G02'),
('8155860469', 'TD03', 1829487, 'G02'),
('6110079839', 'TD04', 1829487, 'G02'),
('1725372398', 'TD01', 1829487, 'G02'),
('2162870029', 'TD02', 1829487, 'G02'),
('9346690704', 'TD03', 1829487, 'G02'),
('5160274731', 'TD04', 1829487, 'G02'),
('9771976052', 'TD01', 1829487, 'G02'),
('3351916248', 'TD02', 1829487, 'G02'),
('3681607400', 'TD03', 1809248, 'G03'),
('9822313853', 'TD04', 1809248, 'G03'),
('6258339549', 'TD01', 1809248, 'G03'),
('5626204016', 'TD02', 1809248, 'G03'),
('8193500199', 'TD03', 1809248, 'G03'),
('3024865241', 'TD04', 1809248, 'G03'),
('2027768548', 'TD01', 1809248, 'G03'),
('3621165487', 'TD02', 1809248, 'G03'),
('6795006654', 'TD03', 1809248, 'G03'),
('5651886109', 'TD04', 1809248, 'G03'),
('3160418944', 'TD01', 1849776, 'G01'),
('6081075893', 'TD02', 1849776, 'G01'),
('6970673928', 'TD03', 1849776, 'G01'),
('9659561954', 'TD04', 1849776, 'G01'),
('8585806117', 'TD01', 1849776, 'G01'),
('7940765523', 'TD02', 1849776, 'G01'),
('6742465816', 'TD03', 1849776, 'G01'),
('5929320101', 'TD04', 1849776, 'G01'),
('2765088217', 'TD01', 1849776, 'G01'),
('8727855902', 'TD02', 1849776, 'G01'),
('2586117980', 'TD03', 1899330, 'G02'),
('9139532739', 'TD04', 1899330, 'G02'),
('3207444644', 'TD01', 1899330, 'G02'),
('5431398520', 'TD02', 1899330, 'G02'),
('6754671017', 'TD03', 1899330, 'G02'),
('3149763983', 'TD04', 1899330, 'G02'),
('3762168474', 'TD01', 1899330, 'G02'),
('8627969957', 'TD02', 1899330, 'G02'),
('5623525628', 'TD03', 1899330, 'G02'),
('3259186247', 'TD04', 1899330, 'G02'),
('7182507609', 'TD01', 1821212, 'G03'),
('8065096506', 'TD02', 1821212, 'G03'),
('9813800232', 'TD03', 1821212, 'G03'),
('1603145729', 'TD04', 1821212, 'G03'),
('5153865614', 'TD01', 1821212, 'G03'),
('7814067847', 'TD02', 1821212, 'G03'),
('1162177128', 'TD03', 1821212, 'G03'),
('3908242207', 'TD04', 1821212, 'G03'),
('8360283060', 'TD01', 1821212, 'G03'),
('6994223140', 'TD02', 1821212, 'G03');

insert into Programa_Competencia (FK_IdProg, FK_IdComp) values

('P01', 'C01'), 
('P02', 'C02'), 
('P03', 'C03'), 
('P04', 'C04'), 
('P05', 'C05'),
('P06', 'C06');

insert into Programa_Especialidad (FK_IdProg, FK_IdEspecialidad) values

('P01', 'E04'), ('P01', 'E05'), ('P01', 'E06'), ('P01', 'E07'),
('P02', 'E04'), ('P02', 'E05'), ('P02', 'E06'), ('P02', 'E07'),
('P03', 'E04'), ('P03', 'E05'), ('P03', 'E06'), ('P03', 'E07'),
('P04', 'E04'), ('P04', 'E05'), ('P04', 'E06'), ('P04', 'E07'),
('P05', 'E04'), ('P05', 'E05'), ('P05', 'E06'), ('P05', 'E07'),
('P06', 'E04'), ('P06', 'E05'), ('P06', 'E06'), ('P06', 'E07');

insert into Competencia_Res_Aprendizaje (FK_IdComp, FK_IdR_A) values

('C01', 'RA01'),
('C02', 'RA02'),
('C03', 'RA03'),
('C04', 'RA04'),
('C05', 'RA05'),
('C06', 'RA06');
